Name,GLIMS,RGI60.01,Region,LonCenter,LatCenter,LonMin,LonMax,LatMin,LatMax,x1_x,y1_x,x2_x,y2_x,x3_x,y3_x,x4_x,y4_x,x5_x,y5_x,x1_y,y1_y,x2_y,y2_y,x3_y,y3_y,x4_y,y4_y,x5_y,y5_y
Margerie,G222734E58943N,20891,Terminus,-137.065,59.042,-137.1,-137.043,59.026,59.055,-137.0999444802902,59.025089518606336,-137.04128095414362,59.02602709594012,-137.04305404954465,59.055910019125456,-137.10176844180705,59.05497133848375,-137.0999444802902,59.025089518606336,-137.0999444802902,59.025089518606336,-137.04128095414362,59.026027095940115,-137.04305404954465,59.055910019125456,-137.10176844180705,59.05497133848375,-137.0999444802902,59.025089518606336
Johns Hopkins,G222806E58769N,20734,Terminus,-137.118,58.836,-137.148,-137.091,58.824,58.846,-137.14794214180108,58.823064943981386,-137.08967596115676,58.82402144293855,-137.09105635327563,58.84693471126256,-137.1493609519853,58.84597735267361,-137.14794214180108,58.823064943981386,-137.14794214180108,58.823064943981386,-137.08967596115676,58.82402144293855,-137.09105635327563,58.84693471126256,-137.1493609519853,58.84597735267361,-137.14794214180108,58.823064943981386
Gilman,G222960E58793N,20830,Terminus,-137.111,58.833,-137.12,-137.087,58.823,58.841,-137.11996718948023,58.82246271986661,-137.08591883157015,58.823017477433055,-137.08703231346604,58.84153711330202,-137.12109881374232,58.840981952815866,-137.11996718948023,58.82246271986661,-137.11996718948023,58.822462719866614,-137.08591883157015,58.823017477433055,-137.08703231346604,58.84153711330202,-137.12109881374232,58.840981952815866,-137.11996718948023,58.822462719866614
Lamplugh,G223085E58780N,20470,Terminus,-136.936,58.894,-136.954,-136.916,58.885,58.903,-136.95396792381592,58.88443147758675,-136.9150049008643,58.885014750161005,-136.91603146576145,58.903568345639336,-136.95501534328,58.90298464816977,-136.95396792381592,58.88443147758675,-136.95396792381592,58.88443147758675,-136.9150049008643,58.885014750161005,-136.91603146576145,58.903568345639336,-136.95501534328,58.90298464816977,-136.95396792381592,58.88443147758675
Grand Pacific,G222647E59132N,26732,Terminus,-137.056,59.057,-137.156,-136.956,58.957,59.157,-137.1558018006288,58.95382526502557,-136.9446695343722,58.95717077731695,-136.95618061374893,59.16016323212212,-137.1685603708553,59.15679087840161,-137.1558018006288,58.95382526502557,-137.1558018006288,58.953825265025564,-136.9446695343722,58.95717077731695,-136.95618061374893,59.160163232122116,-137.1685603708553,59.15679087840161,-137.1558018006288,58.953825265025564
Ferris,G222682E59041N,21008,Terminus,-137.056,59.057,-137.112,-137.004,59.045,59.074,-137.11189485466048,59.04328674595482,-137.00231246700204,59.045026081755296,-137.00409984307012,59.07571243686383,-137.1137798772102,59.07397099849173,-137.11189485466048,59.04328674595482,-137.11189485466048,59.04328674595482,-137.00231246700204,59.045026081755296,-137.00409984307012,59.07571243686383,-137.1137798772102,59.073970998491724,-137.11189485466048,59.04328674595482
Alsek,G222077E59292N,23654,Terminus,-138.05,59.205,-138.15,-137.95,59.105,59.305,-138.14956916357005,59.100306504295546,-137.93282136996754,59.10538960820013,-137.95040531633734,59.3096765321825,-138.16844753300472,59.3045522704619,-138.14956916357005,59.100306504295546,-138.14956916357005,59.100306504295546,-137.93282136996754,59.10538960820013,-137.95040531633734,59.3096765321825,-138.16844753300472,59.3045522704619,-138.14956916357005,59.100306504295546
Grand Plateau,G222265E59003N,20985,Terminus,-138.0,59.055,-138.1,-137.9,58.955,59.155,-138.09958425479002,58.950370263246974,-137.88321189731275,58.95537534510896,-137.90039069851414,59.15961320799661,-138.1180473480264,59.15456772528979,-138.09958425479002,58.950370263246974,-138.09958425479002,58.950370263246974,-137.88321189731275,58.95537534510896,-137.90039069851414,59.159613207996614,-138.1180473480264,59.15456772528979,-138.09958425479002,58.950370263246974
Lituya,G222577E58708N,21005,Terminus,-137.527,58.695,-137.627,-137.427,58.595,58.795,-137.62670546149295,58.59107306907538,-137.41314377710415,58.595260925382185,-137.4272733573989,58.79891324647307,-137.64208210796434,58.79469190803584,-137.62670546149295,58.59107306907538,-137.62670546149297,58.59107306907538,-137.41314377710415,58.595260925382185,-137.4272733573989,58.79891324647307,-137.64208210796434,58.79469190803584,-137.62670546149297,58.59107306907538
Crillon,G222688E58674N,21055,Terminus,-137.44,58.637,-137.54,-137.34,58.537,58.737,-137.53972535639505,58.5332040936415,-137.32667020336072,58.53724225842542,-137.34025417349704,58.74078272775278,-137.5545500715127,58.73671232957676,-137.53972535639505,58.5332040936415,-137.53972535639505,58.5332040936415,-137.32667020336072,58.53724225842542,-137.34025417349704,58.74078272775278,-137.5545500715127,58.73671232957676,-137.53972535639505,58.5332040936415
South Crillon,G222718E58631N,23660,Terminus,-137.39,58.605,-137.49,-137.29,58.505,58.705,-137.48973645799808,58.50127962879473,-137.27697103449333,58.50523185976859,-137.29024348055043,58.70870748097947,-137.50424609574085,58.70472373098777,-137.48973645799808,58.50127962879473,-137.48973645799808,58.50127962879473,-137.27697103449333,58.50523185976859,-137.29024348055043,58.70870748097947,-137.50424609574085,58.70472373098777,-137.48973645799808,58.50127962879473
Brady,G223175E58567N,20796,Terminus,-136.825,58.567,-136.723,-136.57,58.325,58.407,-136.7229042499941,58.3230322391701,-136.56636453603403,58.32504455956634,-136.570087415224,58.40896505735303,-136.7269987573886,58.40694616162463,-136.7229042499941,58.3230322391701,-136.7229042499941,58.323032239170104,-136.56636453603403,58.32504455956634,-136.570087415224,58.40896505735303,-136.7269987573886,58.40694616162463,-136.7229042499941,58.323032239170104
McBride,G223936E59076N,20968,Terminus,-136.095,59.05,-136.195,-135.995,58.95,59.15,-136.1949414938536,58.94830828142636,-135.98923591102252,58.95004418753001,-135.99504892538886,59.15168549930141,-136.2019626427767,59.14993576028332,-136.1949414938536,58.94830828142636,-136.1949414938536,58.94830828142636,-135.98923591102252,58.95004418753001,-135.99504892538886,59.15168549930141,-136.2019626427767,59.14993576028332,-136.1949414938536,58.94830828142636
Muir,G223525E59221N,20841,Terminus,-136.38,59.1,-136.48,-136.28,59.0,59.2,-136.47990858826157,58.99787015819557,-136.27257078741133,59.00007320154463,-136.28007940348732,59.20212201393171,-136.48863954935854,59.19990136306252,-136.47990858826157,58.99787015819557,-136.47990858826157,58.99787015819557,-136.27257078741133,59.00007320154463,-136.28007940348732,59.20212201393171,-136.48863954935854,59.199901363062516,-136.47990858826157,58.99787015819557
Hubbard,G220499E60427N,14443,Terminus,-139.481,60.014,-139.581,-139.381,59.914,60.114,-139.58006440633423,59.90722196269356,-139.35468516475945,59.91487331390115,-139.38189885197673,60.12075231118832,-139.6086747223781,60.113037517167946,-139.58006440633423,59.90722196269356,-139.58006440633423,59.90722196269356,-139.35468516475945,59.91487331390115,-139.38189885197673,60.12075231118832,-139.6086747223781,60.113037517167946,-139.58006440633423,59.90722196269356
Valerie,G220560E60074N,26736,Terminus,-139.481,60.014,-139.581,-139.381,59.914,60.114,-139.58006440633423,59.90722196269356,-139.35468516475945,59.91487331390115,-139.38189885197673,60.12075231118832,-139.6086747223781,60.113037517167946,-139.58006440633423,59.90722196269356,-139.58006440633423,59.90722196269356,-139.35468516475945,59.91487331390115,-139.38189885197673,60.12075231118832,-139.6086747223781,60.113037517167946,-139.58006440633423,59.90722196269356
Turner,G220204E60098N,14391,Terminus,-139.59,60.01,-139.69,-139.49,59.91,60.11,-139.68901895506704,59.90305742035424,-139.46303806356337,59.91091721587576,-139.49094353103155,60.1169162770817,-139.71832493642935,60.1089912778349,-139.68901895506704,59.90305742035424,-139.68901895506704,59.903057420354244,-139.46303806356335,59.91091721587576,-139.49094353103155,60.1169162770817,-139.71832493642935,60.1089912778349,-139.68901895506704,59.903057420354244
Agassiz,G219116E60102N,23649,Terminus,-141.0,60.0,-141.1,-140.9,59.9,60.1,-141.09833315041945,59.890940491427976,-140.864650685209,59.90158285084844,-140.9016198846961,60.10902585516144,-141.13675333379695,60.09829461003475,-141.09833315041945,59.890940491427976,-141.09833315041945,59.890940491427976,-140.864650685209,59.901582850848435,-140.9016198846961,60.10902585516144,-141.13675333379695,60.09829461003475,-141.09833315041945,59.890940491427976
Seward,G219572E60177N,13696,Terminus,-140.55,59.8,-140.65,-140.45,59.7,59.9,-140.64857743011174,59.691580563019336,-140.4175866077293,59.70134537963149,-140.45137872730228,59.90838851649062,-140.68379184985005,59.89854262927974,-140.64857743011174,59.691580563019336,-140.64857743011174,59.691580563019336,-140.4175866077293,59.70134537963149,-140.45137872730228,59.90838851649062,-140.68379184985005,59.89854262927974,-140.64857743011174,59.691580563019336
Marvine,G219820E59978N,23653,Terminus,-140.1,59.9,-140.2,-140.0,59.8,60.0,-140.198794279087,59.79227388252375,-139.97012604035146,59.80113478127981,-140.00116477138192,60.0076973213904,-140.23124555286142,59.99876287842182,-140.198794279087,59.79227388252375,-140.198794279087,59.79227388252375,-139.97012604035146,59.80113478127981,-140.00116477138192,60.0076973213904,-140.23124555286142,59.99876287842182,-140.198794279087,59.79227388252375
Tyndall,G218857E60196N,13638,Terminus,-141.16,60.17,-141.26,-141.06,60.07,60.27,-141.25823794101524,60.06073345419851,-141.02345197252978,60.07167542536099,-141.06171388103445,60.279231685195576,-141.29796768069903,60.26819795597825,-141.25823794101524,60.06073345419851,-141.25823794101524,60.06073345419851,-141.02345197252978,60.07167542536099,-141.06171388103445,60.279231685195576,-141.29796768069903,60.26819795597825,-141.25823794101524,60.06073345419851
Yahtse,G218284E60329N,14683,Terminus,-141.37,60.185,-141.47,-141.27,60.085,60.285,-141.46811633611264,60.0754237950216,-141.2321750552819,60.08679396902324,-141.2718341632755,60.294540229522326,-141.50925151999743,60.28307459011029,-141.46811633611264,60.0754237950216,-141.46811633611264,60.0754237950216,-141.2321750552819,60.08679396902324,-141.2718341632755,60.294540229522326,-141.50925151999743,60.28307459011029,-141.46811633611264,60.0754237950216
Guyot,G218236E60214N,14878,Terminus,-141.57,60.17,-141.67,-141.47,60.07,60.27,-141.66799789587498,60.0601234185682,-141.43100470248723,60.07190955242364,-141.4719514044848,60.27983961984592,-141.71042644525318,60.26795447183889,-141.66799789587498,60.0601234185682,-141.66799789587498,60.0601234185682,-141.43100470248723,60.07190955242364,-141.4719514044848,60.27983961984592,-141.71042644525318,60.26795447183889,-141.66799789587498,60.0601234185682
Steller,G216487E60497N,14883,Terminus,-143.8,60.32,-143.9,-143.7,60.22,60.42,-143.89641491055113,60.20687131461709,-143.64747465973534,60.22345984002224,-143.70352215590725,60.43308023209319,-143.95402394313774,60.41635078433684,-143.89641491055113,60.20687131461709,-143.89641491055113,60.20687131461709,-143.64747465973534,60.22345984002224,-143.70352215590725,60.43308023209319,-143.95402394313774,60.416350784336835,-143.89641491055113,60.20687131461709
BeringCentral,G216273E60232N,27108,Terminus,-143.7,60.2,-143.8,-143.6,60.1,60.3,-143.7965035498198,60.086984973036586,-143.54831654959924,60.1033730050837,-143.60343420102615,60.31296744574215,-143.85317110947906,60.29644055940827,-143.7965035498198,60.086984973036586,-143.7965035498198,60.086984973036586,-143.54831654959924,60.103373005083704,-143.60343420102615,60.312967445742146,-143.85317110947906,60.29644055940827,-143.7965035498198,60.086984973036586
Bering,G217928E60461N,13635,Terminus,-143.4,60.2,-143.5,-143.3,60.1,60.3,-143.49673870068733,60.08742532485864,-143.2500870811199,60.103142197583,-143.30320050332963,60.31252854089056,-143.551393473652,60.29667863150687,-143.49673870068733,60.08742532485864,-143.49673870068733,60.087425324858636,-143.2500870811199,60.103142197583,-143.30320050332963,60.31252854089056,-143.551393473652,60.296678631506865,-143.49673870068733,60.087425324858636
Nourse,G224465E59685N,18156,Terminus,-135.534943,59.685024,-135.634943,-135.434943,59.585024,59.785024,-135.6349276110839,59.584207392121925,-135.43235861622415,59.58503255469655,-135.4349535854111,59.7858374152802,-135.63873820842846,59.78500562326656,-135.6349276110839,59.584207392121925,-135.6349276110839,59.584207392121925,-135.43235861622415,59.58503255469655,-135.4349535854111,59.7858374152802,-135.63873820842846,59.785005623266564,-135.6349276110839,59.584207392121925
Irene,G224592E59575N,18164,Terminus,-135.408,59.575,-135.508,-135.308,59.475,59.675,-135.5079906305718,59.4743758252916,-135.30617791185367,59.475004280245145,-135.30800570430912,59.67562175159734,-135.51102308375096,59.67498826328137,-135.5079906305718,59.4743758252916,-135.5079906305718,59.4743758252916,-135.30617791185367,59.475004280245145,-135.30800570430912,59.67562175159734,-135.51102308375096,59.67498826328137,-135.5079906305718,59.4743758252916
West Creek,G224463E59608N,18341,Terminus,-135.536,59.6051,-135.636,-135.436,59.5051,59.7051,-135.63598458032268,59.50428050088187,-135.43341760619867,59.50510858234681,-135.436010614816,59.70591631614388,-135.63978931800193,59.70508159224631,-135.63598458032268,59.50428050088187,-135.63598458032268,59.50428050088187,-135.43341760619867,59.50510858234681,-135.436010614816,59.70591631614388,-135.63978931800193,59.70508159224631,-135.63598458032268,59.50428050088187
East Of Sheep Camp,G224777E59678N,18110,Terminus,-135.223,59.678,-135.323,-135.123,59.578,59.778,-135.32299673696596,59.57765952314976,-135.12226933719387,59.57800068405313,-135.1230012476987,59.778339140141966,-135.3249301765411,59.77799524506528,-135.32299673696596,59.57765952314976,-135.32299673696596,59.57765952314976,-135.12226933719387,59.57800068405313,-135.1230012476987,59.778339140141966,-135.3249301765411,59.777995245065284,-135.32299673696596,59.57765952314976
Carroll,G223255E59174N,21014,Terminus,-136.742,59.1459,-136.842,-136.642,59.0459,59.2459,-136.8418562537866,59.04321416938525,-136.63245359783073,59.04602057346155,-136.64212870202368,59.24857597669888,-136.85277080256293,59.24574706698949,-136.8418562537866,59.04321416938525,-136.8418562537866,59.04321416938525,-136.63245359783073,59.04602057346155,-136.64212870202368,59.24857597669888,-136.85277080256293,59.24574706698949,-136.8418562537866,59.04321416938525
Casement,G224163E59073N,20686,Terminus,-135.839,59.069,-135.939,-135.739,58.969,59.169,-135.9389647603421,58.9677041580502,-135.7347154836987,58.969024384749176,-135.7390278530642,59.17029105090772,-135.94447557285577,59.16896031948004,-135.9389647603421,58.9677041580502,-135.9389647603421,58.967704158050196,-135.7347154836987,58.969024384749176,-135.73902785306421,59.17029105090772,-135.94447557285577,59.16896031948004,-135.9389647603421,58.967704158050196
Davidson,G224405E59050N,26730,Terminus,-135.6,59.07,-135.7,-135.5,58.97,59.17,-135.6999812123652,58.969073267036414,-135.497100920636,58.97001116300283,-135.50001347700876,59.17092329322198,-135.70408225748315,59.16997794764116,-135.6999812123652,58.969073267036414,-135.6999812123652,58.969073267036414,-135.497100920636,58.97001116300283,-135.50001347700876,59.17092329322198,-135.70408225748315,59.16997794764116,-135.6999812123652,58.969073267036414
Fairweather,G222173E58803N,20984,Terminus,-137.601,58.8372,-137.701,-137.501,58.7372,58.9372,-137.70068735823023,58.733168701574165,-137.48664184783416,58.73747790881495,-137.5012908097065,58.94121709008808,-137.716593654803,58.93687332523833,-137.70068735823023,58.733168701574165,-137.70068735823023,58.733168701574165,-137.48664184783416,58.737477908814945,-137.5012908097065,58.94121709008808,-137.716593654803,58.93687332523833,-137.70068735823023,58.733168701574165
Konamoxt,G222303E59295N,20937,Terminus,-137.698,59.3013,-137.798,-137.598,59.2013,59.4013,-137.79766077318362,59.19715467037097,-137.58280962950911,59.20160279158755,-137.59831639283368,59.405430141857806,-137.81445348676965,59.40094601855413,-137.79766077318362,59.19715467037097,-137.79766077318362,59.19715467037097,-137.58280962950911,59.20160279158755,-137.59831639283368,59.405430141857806,-137.81445348676965,59.40094601855413,-137.79766077318362,59.19715467037097
Little Jarvis,G223582E59400N,20623,Terminus,-136.418,59.4,-136.518,-136.318,59.3,59.5,-136.51790305568358,59.29782392023719,-136.31025867376837,59.30007809534311,-136.31808453490416,59.50216788178561,-136.5269680359455,59.499895582609646,-136.51790305568358,59.29782392023719,-136.51790305568358,59.297823920237185,-136.31025867376837,59.30007809534311,-136.31808453490416,59.50216788178561,-136.5269680359455,59.499895582609646,-136.51790305568358,59.297823920237185
Melbern,G222486E59176N,21011,Terminus,-137.514,59.176,-137.614,-137.414,59.076,59.276,-137.6137054548041,59.07212773372382,-137.3999538726657,59.07626074947731,-137.41427322964543,59.27985819166072,-137.6292967377309,59.2756918422084,-137.6137054548041,59.07212773372382,-137.6137054548041,59.07212773372382,-137.3999538726657,59.07626074947731,-137.41427322964543,59.27985819166072,-137.6292967377309,59.275691842208396,-137.6137054548041,59.07212773372382
Reid,G223186E58746N,20783,Terminus,-136.814,58.844,-136.832,-136.797,58.833,58.85,-136.83197405382217,58.832508470638224,-136.7961203216064,58.83301224081761,-136.7970254606247,58.85049138483146,-136.83289723660047,58.849987269267146,-136.83197405382217,58.832508470638224,-136.83197405382217,58.832508470638224,-136.7961203216064,58.83301224081761,-136.7970254606247,58.850491384831464,-136.83289723660047,58.849987269267146,-136.83197405382217,58.832508470638224
Riggs,G223740E59170N,21001,Terminus,-136.26,59.17,-136.36,-136.16,59.07,59.27,-136.35992319080566,59.06805782699646,-136.15324834030037,59.07006020750155,-136.1600657976248,59.27193497886597,-136.3679615562622,59.26991658705808,-136.35992319080566,59.06805782699646,-136.35992319080566,59.06805782699646,-136.15324834030037,59.07006020750155,-136.1600657976248,59.27193497886597,-136.3679615562622,59.269916587058084,-136.35992319080566,59.06805782699646
Tkope,G223113E59311N,26729,Terminus,-136.887,59.311,-136.987,-136.787,59.211,59.411,-136.98683145545905,59.20809986225056,-136.7765429355605,59.21114329598446,-136.78715224492603,59.41388937136621,-136.99869465918286,59.41082143068741,-136.98683145545905,59.20809986225056,-136.98683145545903,59.208099862250556,-136.7765429355605,59.21114329598446,-136.78715224492603,59.41388937136621,-136.99869465918286,59.41082143068741,-136.98683145545903,59.208099862250556
Grand Plateau North,G222190E59103N,23655,Terminus,-137.81,59.103,-137.91,-137.71,59.003,59.203,-137.9096340722639,58.99866675490528,-137.69427997065247,59.003328107511344,-137.71034232334435,59.207317664819215,-137.92697599913274,59.20261869740439,-137.9096340722639,58.99866675490528,-137.9096340722639,58.99866675490528,-137.69427997065247,59.003328107511344,-137.71034232334435,59.207317664819215,-137.92697599913274,59.20261869740439,-137.9096340722639,58.99866675490528
La Perouse,G222808E58557N,20791,Terminus,-137.26,58.49,-137.36,-137.16,58.39,58.59,-137.3597643800409,58.38647449993762,-137.14776507721166,58.3902057807042,-137.16021663745434,58.59351338340596,-137.37344231677568,58.58975243213019,-137.3597643800409,58.38647449993762,-137.3597643800409,58.38647449993762,-137.14776507721166,58.3902057807042,-137.16021663745434,58.59351338340596,-137.37344231677568,58.58975243213019,-137.3597643800409,58.38647449993762
